ID,Name,OverallPopulation_rate,OverallPopulation_rank,Racewhite_Rate,Racewhite_rank,Raceblack_rate,Raceblack_rank,Raceasian_rate,Raceasian_rank,Racehispanic_rate,Racehispanic_rank,Raceother_rate,Raceother_rank,Nonwhite_rate,Nonwhite_rank,Age0to17_rate,Age0to17_rank,Age18to24_rate,Age18to24_rank,Age25to44_rate,Age25to44_rank,Age45to64_rate,Age45to64_rank,Age65plus_rate,Age65plus_rank,Foreign_born,Foreign_born_rank,lower_95CL,upper_95CL,Ltd_Eng_Prof,Ltd_eng_prof_rank,lower_95CL,upper_95CL,Housing_Defects,Housing_Defects_rank,lower_95CL,upper_95CL,Airquality_rate,Airquality_rank,Tobaccoretail_rate,Tobaccoretail_rank,Supermarketarea_rate,Supermarketarea_rank,Edudidnotcompletehs_rate,Edudidnotcompletehs_rank,Eduhsdegreeorsomecollege_rate,Eduhsdegreeorsomecollege_rank,Educollegedegreeandhigher_rate,Educollegedegreeandhigher_rank,Poverty,Poverty_rank,lower_95CL,upper_95CL,Unemployment,Unemployment_rank,lower_95CL,upper_95CL,Rent_burden,Rent_burden_rank,lower_95CL,upper_95CL,Avertabledeaths_rate,Avertabledeaths_rank,Preterm_Births,Preterm_birth_rank,lower_95CL,upper_95CL,Teen_Births,reliability note,Teen_births_rank,lower_95CL,upper_95CL,Schoolabsent_rate,Schoolabsent_rank,Jailincarceration,reliability note,Jailincarceration_rank,lower_95CL,upper_95CL,Assault_Hosps,Assault_hosps_rank,lower_95CL,upper_95CL,Self_rep_health,reliability note,Self_rep_health_rank,lower_95CL,upper_95CL,Smoking,reliability note,Smoking_rank,lower_95CL,upper_95CL,Sugary_Drink,reliability note,Sugary_drink_rank,lower_95CL,upper_95CL,Fruit_Veg,reliability note,Fruitveg_rank,lower_95CL,upper_95CL,Exercise,reliability note,Exercise_rank,lower_95CL,upper_95CL,Obesity,reliability note,Obesity_rank,lower_95CL,upper_95CL,Diabetes,reliability note,Diabetes_rank,lower_95CL,upper_95CL,Alc_Hosp,Alc_hosp_rank,lower_95CL,upper_95CL,Drug_Hosp,Drug_hosp_rank,lower_95CL,upper_95CL,Insurance,reliability note,Insurance_rank,lower_95CL,upper_95CL,Didnt_Get_Care,reliability note,Didnt_get_care_rank,lower_95CL,upper_95CL,Late_No_Prenatal,Late_no_prenatal_rank,lower_95CL,upper_95CL,HPV_vaccination,Hpv_vaccination_rank,lower_95CL,upper_95CL,Flu_Vaccination,reliability note,Flu_vaccination_rank,lower_95CL,upper_95CL,HIV_Testing_Ever,reliability note,Hiv_testing_ever_rank,lower_95CL,upper_95CL,HIV_Diagnosis,reliability note,HIV_diagnosis_rank,lower_95CL,upper_95CL,Stroke_Hosp,Stroke_hosp_rank,lower_95CL,upper_95CL,Psych_Hosp,Psych_hosp_rank,lower_95CL,upper_95CL,Asthma_5to14,reliability note,Asthma_5to14_rank,lower_95CL,upper_95CL,Avoidable_Asthma,Avoidable_asthma_rank,lower_95CL,upper_95CL,Avoidable_Diabetes,Avoidable_diabetes_rank,lower_95CL,upper_95CL,IMR,reliability note,Imr_rank,lower_95CL,upper_95CL,Premature_Mort,Premature_mort_rank,lower_95CL,upper_95CL,Life_expectancy_rate,Life_expectancy_rank
0,NYC,8405837,n/a,33,n/a,23,n/a,14,n/a,29,n/a,2,n/a,67,n/a,21,n/a,10,n/a,32,n/a,25,n/a,13,n/a,37,n/a,37.1,37.5,23,n/a,22.9,23.4,59,n/a,57.9,60.1,8.6,n/a,11,n/a,177,n/a,20,n/a,39,n/a,41,n/a,21,n/a,20.8,21.2,11,n/a,10.3,10.7,51,n/a,50.9,52,n/a,n/a,9,n/a,8.8,9.2,23.6,,n/a,23.3,23.9,20,n/a,93,,n/a,90.5,95.1,64,n/a,62.8,64.8,78,,n/a,77.5,78.9,15,,n/a,14.7,16.1,27,,n/a,26.3,28,88,,n/a,87,88.3,77,,n/a,76.4,77.9,24,,n/a,22.9,24.4,10,,n/a,9.9,10.9,1019,n/a,1011.3,1027,907,n/a,889.3,914.1,20,,n/a,18.9,20.5,11,,n/a,10.3,11.5,7.4,n/a,7.3,7.5,43,n/a,42.3,42.7,40,,n/a,39,40.7,62,,n/a,60.9,62.6,30.4,,n/a,29.2,31.6,319,n/a,314.72903441031,323.47096558969,684,n/a,677.9,690.5,36,,n/a,35.5,37.3,249,n/a,245.1,252.8,312,n/a,307.6,316.2,4.7,,n/a,4.5,4.9,198.4,n/a,196.8,200,n/a,n/a
1,Manhattan,1626159,n/a,48,n/a,13,n/a,12,n/a,26,n/a,2,n/a,52,n/a,15,n/a,10,n/a,38,n/a,24,n/a,14,n/a,29,n/a,28.2,29.4,16,n/a,15.4,16.5,57,n/a,55.1,59.3,10.7,n/a,13,n/a,207,n/a,14,n/a,24,n/a,63,n/a,18,n/a,17.8,18.8,8,n/a,8,8.8,45,n/a,43.7,45.9,n/a,n/a,8.1,n/a,7.7,8.5,16,,n/a,15.3,16.7,18,n/a,103,,n/a,97.6,108.3,51,n/a,49.3,53.3,83,,n/a,81.7,84.6,15,,n/a,13,16.1,20,,n/a,18.3,21.8,91,,n/a,89.6,92.1,84,,n/a,82.3,85.2,16,,n/a,14.2,16.9,7,,n/a,6,7.5,1084,n/a,1066.3,1102.5,1025,n/a,1007.6,1043,15,,n/a,13.5,16.8,10,,n/a,8.9,11.4,5.3,n/a,5,5.6,54,n/a,53.7,55.3,43,,n/a,41.2,45.1,66,,n/a,64,67.8,45.6,,n/a,42.3,48.9,264,n/a,254.4,271.9,755,n/a,740,769.1,33,,n/a,30.7,35.3,196,n/a,188.6,203.7,233,n/a,224.7,241.1,3.4,,n/a,2.9,3.9,152.7,n/a,150,155.4,n/a,n/a
2,Bronx,1418733,n/a,11,n/a,30,n/a,4,n/a,55,n/a,1,n/a,89,n/a,26,n/a,12,n/a,28,n/a,24,n/a,11,n/a,34,n/a,33.5,34.6,26,n/a,25.3,26.4,69,n/a,66.9,71.9,9.1,n/a,11,n/a,155,n/a,30,n/a,45,n/a,25,n/a,31,n/a,29.7,31.7,16,n/a,14.9,16.1,58,n/a,56.7,59.3,n/a,n/a,9.9,n/a,9.5,10.3,34.4,,n/a,33.5,35.3,29,n/a,156,,n/a,148.4,163.3,115,n/a,111.4,117.8,73,,n/a,71.5,75.2,16,,n/a,14.6,17.7,35,,n/a,33.3,37.5,82,,n/a,79.9,83.4,74,,n/a,72,75.8,31,,n/a,29,33,14,,n/a,12.3,15.1,1633,n/a,1607.9,1657.9,1761,n/a,1735.6,1787.1,22,,n/a,20.5,24.4,12,,n/a,10.9,13.8,12.3,n/a,11.8,12.8,53,n/a,52.6,53.9,46,,n/a,43.6,47.9,75,,n/a,72.7,76.4,39.8,,n/a,36.5,43.1,375,n/a,364.3,388.7,797,n/a,779.6,813.8,72,,n/a,69.4,74.6,508,n/a,493.8,521.5,503,n/a,489.1,516.9,5.7,,n/a,5.1,6.3,238.9,n/a,235.2,242.6,n/a,n/a
3,Brooklyn,2592149,n/a,36,n/a,31,n/a,11,n/a,20,n/a,2,n/a,64,n/a,23,n/a,10,n/a,32,n/a,23,n/a,12,n/a,38,n/a,37.3,38,24,n/a,23.4,24.1,62,n/a,60.2,64,8.7,n/a,11,n/a,156,n/a,21,n/a,41,n/a,38,n/a,24,n/a,23.1,24.3,11,n/a,10.8,11.6,52,n/a,51.5,53.1,n/a,n/a,8.8,n/a,8.5,9.1,24,,n/a,23.4,24.6,19,n/a,96,,n/a,92,100.5,66,n/a,64.6,68.2,75,,n/a,73.8,76.6,16,,n/a,14.4,17,27,,n/a,25.6,28.6,87,,n/a,85.3,87.7,75,,n/a,73.6,76.6,27,,n/a,25.2,28.2,11,,n/a,10.5,12.5,1041,n/a,1026.5,1055.7,921,n/a,907,934.3,20,,n/a,18.9,21.8,12,,n/a,10.4,12.7,6.4,n/a,6.2,6.6,36,n/a,35.6,36.7,36,,n/a,34.2,37.3,61,,n/a,59,62.2,27.9,,n/a,25.9,29.9,344,n/a,335.2,352.1,734,n/a,722.5,746.3,32,,n/a,30.4,33.2,263,n/a,256.2,270.7,357,n/a,348.8,365.8,3.9,,n/a,3.6,4.2,194.5,n/a,191.8,197.2,n/a,n/a
4,Queens,2296175,n/a,27,n/a,18,n/a,25,n/a,28,n/a,2,n/a,73,n/a,20,n/a,9,n/a,31,n/a,26,n/a,13,n/a,48,n/a,47.8,48.5,29,n/a,28.2,29,51,n/a,48.8,53.8,8.4,n/a,9,n/a,180,n/a,20,n/a,42,n/a,38,n/a,16,n/a,15.3,16.3,10,n/a,9.1,9.9,53,n/a,52.4,54.5,n/a,n/a,8.4,n/a,8.1,8.7,18.7,,n/a,18.1,19.3,14,n/a,52,,n/a,48.3,54.8,41,n/a,39.9,42.9,79,,n/a,77.9,80.6,15,,n/a,13.3,16,28,,n/a,26,29.4,89,,n/a,88.2,90.6,76,,n/a,74.2,77.3,21,,n/a,19.8,22.6,10,,n/a,9.4,11.3,638,n/a,626,649.3,357,n/a,348.2,365.8,22,,n/a,20.9,24.1,11,,n/a,9.5,11.8,9,n/a,8.7,9.3,41,n/a,40.5,41.7,39,,n/a,36.9,40.2,56,,n/a,53.8,57.3,20.5,,n/a,18.6,22.4,305,n/a,297.4,313.4,500,n/a,489.6,510.2,21,,n/a,19.5,22.1,141,n/a,135.2,146,229,n/a,222.1,235.9,4.7,,n/a,4.2,5.2,140.8,n/a,138.6,143,n/a,n/a
5,Staten Island,472621,n/a,63,n/a,10,n/a,8,n/a,18,n/a,1,n/a,37,n/a,22,n/a,9,n/a,26,n/a,28,n/a,14,n/a,21,n/a,20.3,22.3,11,n/a,10.1,11.5,29,n/a,22.7,35.5,8,n/a,9,n/a,234,n/a,12,n/a,51,n/a,38,n/a,12,n/a,10.9,13.3,8,n/a,7,8.2,49,n/a,45.9,51.4,n/a,n/a,9.8,n/a,9,10.6,14.3,,n/a,13.2,15.4,19,n/a,61,,n/a,53.3,69.1,57,n/a,53.3,61.3,83,,n/a,81,85.4,20,,n/a,17.5,23.2,28,,n/a,25.5,31.7,89,,n/a,86.2,90.6,78,,n/a,75.5,80.9,29,,n/a,26.5,32.6,10,,n/a,8.3,11.5,934,n/a,903,965.1,830,n/a,799.6,860,12,,n/a,9.7,14.7,8,,n/a,6.4,10.2,2.3,n/a,1.9,2.7,22,n/a,20.9,23.7,39,,n/a,35.7,41.4,48,,n/a,44.4,51,11.8,,n/a,8.7,14.9,311,n/a,293,328.1,773,n/a,744.3,802.2,15,,n/a,13,17.4,209,n/a,194.1,223.3,267,n/a,250.4,283.2,4.7,,n/a,3.6,5.8,184.7,n/a,179.3,190.1,n/a,n/a
101,Financial District,62829,57,66,9,4,44,20,13,8,56,3,6,34,51,14,54,11,16,50,1,18,58,7,59,24,48,21.8,25.8,6,56,5.3,7.7,44,50,34.3,53.5,11.1,4,25,2,172,26,4,56,12,58,84,1,8,56,6.3,8.7,5,58,3.5,5.5,37,58,34.2,40.5,n/a,-,7.2,49,5.7,8.7,1.1,*,59,0,2.2,4,59,15,*,56,4.5,24.8,20,52,13.8,29,89,,3,84.4,92.3,16,,29,11.1,21.6,14,,55,9.7,19.6,95,*,2,90.8,97.5,87,,6,82.4,90.2,9,,57,6.2,12.5,3,,57,2.1,5.5,509,51,432.9,585.7,404,43,338.1,469.1,10,,57,6.2,15.6,9,,46,6,13.8,1.5,58,0.8,2.2,40,24,36.1,43.9,44,,13,38.1,50.5,64,,30,57.2,69.5,33.4,,26,19.1,47.7,257,44,196,318.5,259,59,209.8,307.4,8,*,54,1.6,14.8,80,53,46.5,112.9,98,55,62,134.2,1.5,*,58,0.2,2.8,75.6,59,64.3,86.9,85.4,1
102,Greenwich Village and Soho,91961,53,75,3,2,55,14,21,6,59,3,11,25,57,9,56,10,38,43,6,24,35,14,18,24,48,21.8,25.8,6,56,5.3,7.7,44,50,34.3,53.5,10.9,6,17,4,252,11,4,56,12,58,84,1,8,56,6.3,8.7,5,58,3.5,5.5,37,58,34.2,40.5,n/a,-,7.6,42,5.8,9.4,1.3,*,58,0.5,2.1,6,57,19,,54,9.7,28.3,12,58,8.2,16.1,89,,3,84.4,92.3,16,,29,11.1,21.6,14,,55,9.7,19.6,95,*,2,90.8,97.5,87,,6,82.4,90.2,9,,57,6.2,12.5,3,,57,2.1,5.5,485,53,435,535.7,334,47,292.4,376.4,10,,57,6.2,15.6,9,,46,6,13.8,2.2,54,1.2,3.2,38,29,34.7,41.4,44,,13,38.1,50.5,64,,30,57.2,69.5,31.5,,28,20,43,140,59,113.3,167.2,300,57,261.6,338.1,7,*,56,1.5,13.3,46,59,30.2,60.9,54,59,37.6,71.4,2,*,55,0.2,3.8,93.3,57,84,102.6,84.3,4
103,Lower East Side and Chinatown,168298,19,31,28,7,38,34,4,25,26,2,21,69,32,13,55,12,12,35,14,24,28,15,13,36,29,34.3,37.5,30,18,28,31.1,58,30,51.9,64.7,9.9,13,12,25,229,15,27,16,28,50,45,17,28,18,25.2,30.2,9,39,7.2,10.6,49,46,45.3,51.9,20,35,8.4,37,7,9.8,13.5,,45,11.6,15.4,16,34,117,,19,100,134.8,45,31,38.9,50.4,71,,45,64.4,76.5,17,,22,11.5,23.2,21,,47,16.1,27.7,93,,9,89,95.3,80,,12,74.7,84.5,12,,53,9.1,15.9,12,,26,9.4,14.8,1144,20,1086.7,1201.2,980,21,926,1033.2,16,,41,11.8,22.5,11,,23,7.8,16.6,4.8,45,3.7,5.9,60,3,58.1,61.6,44,,11,37.8,51,61,,36,53.8,68.2,41,,18,31.3,50.7,272,39,244.4,298.6,723,22,679.2,767.1,25,,28,18.9,31.7,265,21,238.4,292,275,33,247.7,302.2,2.4,,50,1.1,3.7,183,27,173.3,192.7,80.9,30
104,Clinton and Chelsea,106128,47,60,14,6,39,14,22,18,33,2,12,40,46,9,57,8,52,46,4,25,21,12,31,26,45,23.8,27.4,9,49,7.5,10.2,51,39,41.8,60,11.4,3,17,5,274,8,5,54,19,53,76,6,13,45,10.8,14.6,7,45,6.1,8.5,43,50,39.4,46.6,14,40,9,27,7.2,10.8,12.3,,46,9,15.6,13,41,73,,29,55.7,89.4,41,36,33.9,48.1,84,,12,77.5,88.4,13,,46,9.2,19.1,19,,50,14.1,25.8,93,,7,88.1,95.8,90,,1,86,92.6,10,,55,7.4,14.3,4,,55,2.6,5.3,1299,16,1222.9,1374.8,1118,19,1048.3,1188.5,12,,49,8.2,18.5,7,,53,4.9,10.9,5.4,42,4,6.8,45,19,42.3,48.6,43,,17,36.3,49.2,66,,23,60.8,71.3,116.8,,1,96.2,137.4,205,54,172.8,236.4,989,12,924.6,1052.9,20,,33,10.6,29.8,161,36,133.7,188.2,156,47,129.3,182.5,4.9,,24,2.3,7.5,140.5,43,129.8,151.2,82,22
105,Midtown,52607,59,68,7,4,43,18,15,8,54,2,20,32,53,7,59,12,9,46,2,22,46,13,25,26,45,23.8,27.4,9,49,7.5,10.2,51,39,41.8,60,14.3,1,62,1,172,25,5,54,19,53,76,6,13,45,10.8,14.6,7,45,6.1,8.5,43,50,39.4,46.6,1,52,5.7,59,3.8,7.6,4.8,,53,2.7,6.9,10,48,53,,37,32.7,73.5,20,53,13.4,29.4,84,,12,77.5,88.4,13,,46,9.2,19.1,19,,50,14.1,25.8,93,,7,88.1,95.8,90,,1,86,92.6,10,,55,7.4,14.3,4,,55,2.6,5.3,872,31,779.2,964.7,727,30,641.3,812.9,12,,49,8.2,18.5,7,,53,4.9,10.9,2.9,48,1.6,4.2,48,17,42.7,53.7,43,,17,36.3,49.2,66,,23,60.8,71.3,68.4,,3,46.1,90.7,147,58,108.8,186,504,35,437.5,570.8,13,*,45,0.3,24.9,61,55,37.3,85.1,72,58,46.2,97.7,4.5,*,29,1.4,7.6,145.4,39,129.2,161.6,82.9,15
106,Stuyvesant Town and Turtle Bay,145147,28,72,4,4,45,15,20,8,55,2,19,28,56,8,58,11,23,42,7,23,39,17,10,22,54,20,23.5,6,59,4.6,6.7,45,47,38.7,51.9,12.3,2,11,29,188,20,3,59,15,56,82,3,10,51,8.5,12.1,5,56,4,6.4,40,55,35.9,43.6,n/a,-,6.9,55,5.5,8.3,2.1,,57,1,3.2,7,56,26,,50,17.4,34.7,30,43,24.4,35.8,90,,2,85.8,93.4,13,,49,8,21.3,12,,59,7.4,18.7,93,*,4,87.1,96.8,85,,8,78.9,90,8,,59,5.7,12,3,,59,2.1,5.3,943,28,885.8,1000.8,844,26,788.4,899.2,10,,56,6.2,16.2,8,,52,5.1,13.4,2.7,51,1.8,3.6,36,34,33.2,38.9,41,,24,34.7,48.4,60,,39,51.6,67.4,26.9,,30,18.5,35.3,190,56,166.1,213.3,891,15,839.5,943.4,10,*,48,4.2,16.4,52,57,38.9,64.1,78,57,62.8,93.6,2.1,*,54,0.7,3.5,98.5,55,90.8,106.2,85.3,2
107,Upper West Side,215329,4,67,8,7,36,8,31,15,40,2,14,33,52,15,52,6,58,35,15,27,13,18,6,22,53,19.9,23.9,8,54,6.3,9,53,37,46.5,58.9,10.3,7,6,57,188,19,6,53,15,55,79,5,11,49,9.5,12.9,7,53,5.5,7.7,41,53,37.6,44.5,n/a,-,7.1,52,6.1,8.1,9.5,,48,7.6,11.4,13,43,46,,39,36.5,56.1,21,50,17.6,25.2,89,,5,83.2,92.9,11,,57,7.5,15.3,12,,58,8.4,17.3,91,,15,85.2,95.3,87,,4,81.4,91.7,12,,52,8.9,16.6,4,,53,2.5,7.7,633,45,596.4,669.6,584,37,547,620.9,11,,53,7.2,17.1,10,,38,5.8,16.9,3.3,46,2.6,4,36,32,34.7,37.9,49,,5,42.5,55.2,65,,28,59.4,70.1,21.4,,37,15.2,27.6,213,52,193.6,233.2,442,42,409.3,473.7,13,,44,8.8,16.6,118,45,102.7,133.4,151,49,134.1,168.7,2.2,,52,1.2,3.2,116.8,51,110.2,123.4,83.8,9
108,Upper East Side,226640,3,79,2,3,47,9,27,7,57,2,26,21,58,14,53,5,59,38,12,24,30,18,2,23,52,20.7,24.5,6,58,4.8,7.2,45,49,38.7,50.5,11.1,4,8,49,238,13,3,58,15,57,82,4,7,58,5.8,8.2,5,57,4.1,6.1,41,54,38,43.8,n/a,-,7.2,49,6.2,8.2,4,,55,2.7,5.3,7,55,15,,55,9.4,20.1,17,55,13.8,20.4,92,,1,87.5,95.3,15,,36,10.5,20.3,14,,57,9.3,19.2,93,,5,88.7,96.1,87,,5,82.4,90.8,11,,54,7.4,15.2,4,*,54,1.9,7.4,593,48,558.3,628.5,411,42,380,441.2,12,,51,7.8,17.7,5,,59,3.3,7.9,2.2,54,1.6,2.8,40,23,38.4,41.7,45,,10,39.7,50.7,59,,40,53.3,65,18.1,,43,12.6,23.6,181,57,163.7,198.9,364,52,335.1,392.3,8,,53,5.2,11.4,46,58,36.7,55.9,82,56,69,94.1,1,*,59,0.3,1.7,97.4,56,91.3,103.5,85,3
109,Morningside Heights and Hamilton Heights,111645,44,22,35,25,22,7,34,44,16,2,13,78,25,17,47,17,1,34,18,21,49,11,37,34,32,31.5,35.9,21,32,19.1,23.8,71,15,63.2,78.8,9.8,14,9,44,164,30,21,25,32,47,47,15,28,19,24.9,30.3,10,30,8.2,12.2,49,41,45.5,52.6,24,30,9.9,20,8.2,11.6,15.9,,39,13.8,18,27,17,206,,10,177,234.7,65,23,56.4,73.5,79,,29,72.1,85,18,,16,11.1,26.6,23,,42,15.9,30.9,82,,46,74.1,88,77,,25,70.2,83.4,25,,31,19.6,32.1,9,,44,5.6,12.8,1305,15,1223.8,1386.1,1296,15,1215.2,1376.2,23,,20,16.4,30.4,17,,3,11.4,25,9.6,22,7.9,11.3,52,12,50.6,54.4,40,,26,32.5,48.7,70,,17,62,77.5,48.4,,10,35.5,61.3,361,18,317.4,403.6,788,19,728.4,846.6,48,,20,38.3,57.5,258,23,222.9,293.4,329,27,288.9,369.8,4.7,,26,2.5,6.9,179,28,166.7,191.3,80.2,36
110,Central Harlem,117943,39,10,44,62,8,3,47,23,29,3,10,90,16,21,32,10,28,34,19,24,32,10,43,24,50,21.8,25.6,11,45,9.6,12.7,74,9,67,81,9.6,17,12,22,180,23,20,29,41,31,39,25,29,16,25.9,31.9,13,18,11.2,15,49,40,46.2,52.4,48,4,9.6,24,8.1,11.1,29.1,,18,26,32.2,28,15,336,,3,299.5,372.9,130,7,118,141.2,81,,21,76.2,85.5,17,,18,12.5,23.8,32,,22,25.7,38.6,88,,31,81.9,91.7,79,,18,72.2,83.9,28,,24,22.1,35.2,13,,18,10.1,17.1,1544,12,1460.6,1626.8,1984,9,1892.3,2076.1,19,,32,12.7,27.1,11,,33,7.2,16.2,12.3,9,10.7,13.9,50,15,48.3,51.6,42,,22,34.7,49.4,78,,7,71.4,83.8,89,,2,72,106,466,4,417.9,513.7,1038,9,973,1103.5,69,,10,59.3,79.3,436,14,391.4,479.6,520,13,471.2,569.1,8.1,,3,5.6,10.6,293.1,7,278.7,307.5,75.1,57
111,East Harlem,123579,35,12,41,31,16,6,37,50,13,2,30,88,19,22,29,11,15,32,24,23,42,12,27,26,44,23.5,29.1,20,33,17.9,21.8,76,6,68.9,82.7,9.7,16,12,18,336,3,26,17,38,38,36,30,31,12,28.1,33.9,12,23,9.6,13.4,49,42,45.9,52.1,42,9,10,19,8.5,11.5,31.7,,14,28.7,34.7,29,12,302,,5,268.1,336.1,143,4,131.3,155.2,70,,48,63.2,75.5,19,,10,13.8,25.5,34,,16,26.8,41.8,83,,44,75.7,88.1,76,,34,69.3,81.9,33,,5,26.8,40,13,,21,9.6,17.2,2333,3,2233.3,2432.2,2822,2,2713.1,2931.7,24,,9,18.4,31.7,11,,26,7.4,17.2,10.3,17,8.8,11.8,53,10,51.4,54.6,42,,20,35.1,49.5,76,,10,69.3,82,46.1,,13,34.1,58.1,401,12,359.8,442.1,2016,1,1926.4,2105.8,75,,6,64.8,85,648,5,596.7,699.9,642,5,590.3,692.9,6,,15,3.8,8.2,301,5,286.3,315.7,76,54
112,Washington Heights and Inwood,195302,9,17,39,7,37,3,46,71,3,1,52,83,21,19,42,11,18,33,22,25,26,13,26,48,10,45.7,50.4,39,7,36.6,41.8,75,8,69.3,80.5,9.5,18,10,31,119,43,30,13,35,45,36,31,27,21,24.4,29,16,10,13.8,17.4,54,26,50.7,56.5,10,45,8.5,35,7.4,9.6,28.8,,19,26.3,31.3,18,29,117,,20,100.3,133.5,48,29,42.4,53.2,73,,42,68,77,12,,55,8.2,16,31,,24,24.9,36.8,89,,25,84.7,92.2,78,,20,73,82.9,22,,39,17.6,27.3,10,,37,7.6,12.1,1055,26,1002.6,1106.7,779,27,734.4,823,22,,21,16.7,28,16,,4,11.6,21.2,6,39,5,7,59,4,57.2,60,36,,48,31.1,41.6,71,,16,64.3,76.1,48.1,,11,38.4,57.8,329,26,300,358.8,497,37,461.8,531.3,28,,27,22.8,33.6,218,30,194.4,241.5,334,26,305.2,363.5,3.6,,36,2.2,5,139.2,44,131.6,146.8,83.2,14
201,Mott Haven and Melrose,94377,52,2,53,25,21,1,58,72,2,1,59,98,7,29,4,13,4,28,40,21,53,10,47,28,40,26,29.7,36,10,33.5,37.5,79,2,70.1,87.9,10,11,16,7,133,41,45,1,41,28,14,58,43,3,40.1,46.3,16,8,14.2,17.8,59,11,56.2,61.4,46,6,9.1,26,7.7,10.5,43,,4,39.4,46.6,31,7,305,,4,264.3,346,180,2,164.4,195.6,68,,52,61.7,74.3,16,,24,12.6,21,38,,5,31.9,45.1,77,,58,70.9,82.3,70,,56,63.6,75.5,33,,8,26.7,39,15,,7,11.5,19.8,2333,2,2210.6,2455.1,2669,5,2540.4,2797.4,23,,18,17.2,29.3,17,,1,12.6,23.3,11.1,15,9.5,12.7,57,5,55.5,58.6,50,,1,42.6,56.7,80,,5,73.8,85.1,42.4,,15,29.3,55.5,443,5,387.9,497.6,848,17,777.6,919.1,112,,1,99.8,123.8,749,3,680.5,816.8,740,2,671.1,808.6,6.6,,11,4.3,8.9,305.7,4,288.3,323.1,76.1,53
202,Hunts Point and Longwood,54069,58,1,57,22,25,1,57,76,1,1,58,99,3,29,6,13,5,28,33,21,52,9,51,28,40,26,29.7,36,10,33.5,37.5,79,2,70.1,87.9,9.8,14,17,3,114,47,45,1,41,28,14,58,43,3,40.1,46.3,16,8,14.2,17.8,59,11,56.2,61.4,40,11,9.9,20,7.9,11.9,44.9,,1,39.7,50.1,36,3,234,,7,186.9,281.5,138,6,120.3,156.5,68,,52,61.7,74.3,16,,24,12.6,21,38,,5,31.9,45.1,77,,58,70.9,82.3,70,,56,63.6,75.5,33,,8,26.7,39,15,,7,11.5,19.8,1905,7,1758.7,2051,2218,7,2065,2372,23,,18,17.2,29.3,17,,1,12.6,23.3,14.7,3,12.4,17,63,1,60.5,64.7,50,,1,42.6,56.7,80,,5,73.8,85.1,38.8,,22,22.2,55.4,350,19,285.7,415.1,868,16,774.1,960.9,88,,3,73.5,101.7,619,7,536.9,701.6,608,7,525.2,691.5,7.8,,5,4.5,11.1,266.8,10,245.4,288.2,77.6,49
203,Morrisania and Crotona,81698,56,1,58,38,13,1,59,59,10,1,53,99,2,30,2,12,7,27,46,22,45,8,56,31,36,29.5,33.3,28,19,26.4,30.3,74,10,64.5,83.3,9.4,21,12,21,327,5,38,5,44,22,18,56,44,1,41,46,20,1,17.7,21.9,61,5,57.9,63.4,52,2,11.1,9,9.4,12.8,43.1,,3,39.2,47,32,4,371,,1,322.1,419.5,166,3,149.6,182.2,67,,56,59.4,73.8,20,,5,14.9,26.9,39,,3,31.7,47.9,80,,52,72.7,85.6,73,,47,66.3,78.2,35,,1,29,42.4,16,,3,11.9,20.9,2367,1,2232.4,2500.8,3130,1,2981.7,3278.1,23,,16,17.1,29.7,11,,24,7.5,17,15.6,1,13.7,17.5,61,2,59,62.3,48,,6,41.3,54.8,81,,3,75,85.6,52.6,,7,36.9,68.3,467,2,404.7,530.1,1220,4,1128.5,1311.4,89,,2,77.6,100.2,769,2,692.1,846.9,689,3,616.2,762.2,7.7,,8,5.1,10.3,346.3,2,326.6,366,75.3,56
204,Highbridge and Concourse,150599,26,1,54,32,15,2,51,64,9,1,54,99,6,28,8,12,10,28,35,23,41,9,50,40,24,38.4,42,33,13,30.9,35.7,78,5,71.2,84,10,11,13,15,168,28,37,7,44,24,20,52,39,6,35.4,42.4,18,4,15.7,19.3,63,4,59.5,65.5,42,8,9.7,23,8.5,10.9,43.6,,2,40.5,46.7,31,5,163,,13,139.9,186.9,119,11,108.7,128.8,69,,49,62.1,75.4,19,,12,13.7,24.8,37,,9,29.7,44.9,80,,56,73.4,84.8,72,,52,64.9,77.9,29,,21,23.5,35.3,15,,12,11.3,19.4,1801,8,1717.4,1883.9,2027,8,1941.5,2113.2,27,,6,20.2,35.3,12,,22,7.8,17.1,13.6,5,12.3,14.9,57,6,55.5,58.1,49,,3,42.6,56,82,,2,76,86.3,45.8,,14,35,56.6,383,16,343.3,423.5,809,18,755.6,863.1,55,,13,48.4,62.2,596,8,547.8,644.6,533,11,486.8,580.1,5.5,,17,3.9,7.1,265.7,12,253.2,278.2,77,51
205,Fordham and University Heights,131673,32,1,56,28,18,2,52,68,4,1,55,99,4,29,7,13,6,28,36,23,38,7,58,43,18,40.6,45.2,36,9,34.1,38.8,79,4,72.2,85.4,10.1,8,12,23,93,53,35,8,46,18,19,54,42,5,38.9,44.9,18,3,16.2,19.8,64,1,60.7,67.4,41,10,10.1,18,8.9,11.3,43,,4,39.9,46.1,30,10,230,,8,200.3,260.3,123,9,111.7,133.5,69,,50,60.6,76.1,18,,14,13.3,24.8,42,,1,34.5,50.8,80,,55,72.8,85.2,72,,50,65.7,78.2,31,,16,23.9,38.6,15,,11,10.4,21.2,1931,6,1834.6,2027.5,2342,6,2242.1,2442.3,24,,10,17.2,33.3,14,,9,9.7,20.1,12.1,10,10.8,13.4,51,13,49.7,52.5,47,,8,38.8,56.2,83,,1,75.3,88,57.7,,6,44.7,70.7,386,14,338.4,432.5,1005,11,940.3,1070.1,55,,15,47.5,61.9,571,9,517.9,624.3,616,6,559.7,672.5,5.4,,20,3.7,7.1,266.2,11,252.6,279.8,78.9,43
206,Belmont and East Tremont,85229,55,7,49,26,20,1,55,65,6,1,56,93,11,30,3,15,2,27,45,20,55,9,55,31,36,29.5,33.3,28,19,26.4,30.3,74,10,64.5,83.3,9.5,18,16,6,69,59,38,5,44,22,18,56,44,1,41,46,20,1,17.7,21.9,61,5,57.9,63.4,45,7,12.3,3,10.5,14.1,39.2,,7,35.7,42.7,37,2,220,,9,183.2,256.4,142,5,126.6,156.5,67,,56,59.4,73.8,20,,5,14.9,26.9,39,,3,31.7,47.9,80,,52,72.7,85.6,73,,47,66.3,78.2,35,,1,29,42.4,16,,3,11.9,20.9,2163,5,2035.8,2289.3,2760,3,2620.9,2899.3,23,,16,17.1,29.7,11,,24,7.5,17,12.4,8,10.6,14.2,51,14,48.9,52.2,48,,6,41.3,54.8,81,,3,75,85.6,50.5,,8,35.4,65.6,437,6,377.1,497.3,1084,7,999.1,1167.8,87,,4,76.1,98.1,786,1,709,862.8,687,4,614.5,758.8,8.7,,2,5.9,11.5,297.5,6,278.8,316.2,76.7,52
207,Kingsbridge Heights and Bedford,143515,29,7,46,18,29,7,33,66,5,1,47,93,14,26,11,12,8,30,29,23,40,9,54,42,20,39,43.9,34,12,31.2,36,76,7,68.7,82.5,9.4,21,9,42,114,46,32,10,46,17,22,51,32,10,29,34.8,16,6,14.4,18.2,63,2,59.6,67,37,14,7.7,39,6.6,8.8,34.2,,9,31.4,37,29,11,135,,16,113.1,156.6,93,14,84.4,102.5,72,,43,63,79.9,13,,50,8.1,20,38,,7,29.9,46.5,81,,49,72.3,87.8,76,,39,67.1,82.4,27,,28,19.3,36,15,,10,8.6,24.9,1659,11,1576.1,1741.2,1589,12,1511.2,1666.2,28,,4,19.6,38.6,11,,32,6.9,16.9,11.6,13,10.3,12.9,48,16,47.1,49.9,47,,9,38.4,56,71,,15,62.1,78.4,39.7,,21,29.4,50,291,36,253.8,327.1,675,25,625.6,724.8,59,,12,51.3,66.3,507,11,461.2,552.6,431,18,388.3,474.1,3.9,,34,2.4,5.4,220,16,208.4,231.6,78.7,45
208,Riverdale and Fieldston,103734,48,37,23,11,32,5,40,44,14,2,37,63,37,21,34,10,34,27,49,25,24,18,4,32,34,29.9,33.2,22,31,19.4,23.7,66,21,56.9,75.3,8.9,25,8,48,142,36,19,32,39,36,42,21,17,35,14.7,19.9,11,24,9.6,13.2,50,38,46.5,54.2,29,21,8.6,32,7,10.2,16.2,,38,13.7,18.7,19,27,28,,48,17.1,39.8,42,34,34.6,49.2,82,,18,76.1,87.2,12,,54,7.5,17.4,22,,44,15.3,29.7,86,,36,78.2,91.5,78,,19,69.8,85.2,20,,43,14.6,26.1,6,,51,3.5,10.2,797,35,736,858.4,723,31,662.9,783.5,21,,26,13.9,30.3,11,,29,7.5,16.3,6.4,36,5,7.8,34,37,32.2,35.8,49,,4,41.5,56.8,65,,27,57.3,72.8,19.3,,41,10.8,27.8,268,40,235.4,300.1,546,32,495.4,597.4,30,,25,22.3,36.7,192,33,163.1,221.6,248,36,215.3,281.4,4.1,,32,2,6.2,165.9,32,154.2,177.6,80.5,31
209,Parkchester and Soundview,177553,15,3,51,31,17,6,35,59,11,2,34,97,9,25,12,11,17,28,37,24,31,11,38,32,33,30.2,34.1,25,25,23.3,27.1,60,28,52.6,67.4,8.9,25,10,36,181,21,30,12,46,16,24,50,29,15,26.4,31.6,14,16,12.5,15.9,54,23,51.6,57.3,35,16,10.2,16,9,11.4,31.1,,15,28.7,33.5,29,13,129,,17,110.3,148.3,106,12,97.2,114.7,71,,44,64.3,77.7,15,,33,10.9,21,36,,11,29.6,43.4,79,,57,70.9,84.6,74,,40,67.4,80,29,,20,23.2,36.1,15,,14,10.8,19.5,1260,18,1198.4,1321.8,1197,18,1137.7,1256.4,23,,15,17.7,30.4,12,,16,8.3,18.2,13,7,11.7,14.3,43,22,41.9,44.4,44,,15,37.3,51.1,77,,9,71.1,82.5,41.1,,17,31.7,50.5,340,21,306.7,372.2,554,31,513.4,593.9,74,,8,66.7,81.9,452,13,415,489,443,17,406.4,479.9,4.4,,30,2.9,5.9,230.7,14,220.3,241.1,78.7,46
210,Throgs Neck and Co-op City,122309,36,33,27,22,23,5,41,38,19,1,40,67,33,20,38,9,44,26,56,27,11,18,5,20,55,17.8,22.6,11,44,9.6,13.1,57,33,45.1,68.1,8.7,34,10,34,290,6,17,40,50,10,33,34,12,48,9.7,14.5,11,25,9.4,13,47,49,41.9,52.3,25,28,11.1,9,9.1,13.1,17.7,,36,15.1,20.3,21,25,32,,45,20.9,43,57,26,49.3,65.4,82,,19,74.7,87.8,20,,7,13.2,29.3,27,,31,19.1,37,86,,37,77.7,91.7,76,,31,68.5,82.8,34,,4,26.2,43.5,13,,20,9.4,17.7,846,32,789.9,902.3,682,33,629.5,735.3,11,*,54,5.8,20,11,,31,6.5,18.1,11.9,11,9.8,14,29,48,27.6,30.7,38,,34,30.4,45.7,63,,33,53.9,70.9,14.7,,46,7.9,21.5,312,29,279.4,344,394,47,352.7,434.6,39,,22,31.7,46.5,235,26,205,265.1,272,34,240.2,303.3,3.1,*,40,1.1,5.1,196.4,25,184.9,207.9,80.5,32
211,Morris Park and Bronxdale,115567,41,27,31,21,26,8,30,43,17,1,38,73,29,23,21,10,36,29,32,24,29,14,19,35,31,32.5,36.9,23,30,21.1,24.8,47,45,38.6,56,8.7,34,10,33,140,37,25,18,45,21,30,41,20,29,17.8,22,15,14,12.8,16.6,54,25,50.1,57.5,33,19,10.8,13,9.1,12.5,22.4,,26,19.6,25.2,22,20,93,,24,73,112.3,70,22,61.6,79.3,76,,37,65.1,84.9,17,,19,11,25.6,29,*,27,19.5,40.7,81,,50,71.8,87.8,74,,43,63.5,81.6,32,,12,23.7,42.3,14,,16,8.4,22.5,1096,25,1026.5,1165,930,24,865.2,994,17,,40,9.7,27.2,12,*,17,6.5,21.9,10,21,8.4,11.6,39,25,37.2,40.4,42,*,19,30.6,54.8,70,,19,60.5,77.5,23.4,,34,14.6,32.2,320,27,283.2,355.9,625,28,572.5,676.8,51,,17,42.3,58.7,329,16,291.5,366.3,335,25,297.3,372.3,5,,21,2.8,7.2,210.2,19,197.8,222.6,79.1,42
212,Williamsbridge and Baychester,154050,25,7,47,65,5,2,50,24,27,2,27,93,13,25,13,11,22,27,51,26,19,12,30,39,25,37,41.1,8,53,7.2,9.4,65,23,56,74,8.7,34,9,38,109,49,20,30,49,14,32,38,20,28,18.2,22.4,16,10,14.1,17.1,57,14,53.4,60.7,27,25,9.9,20,8.5,11.3,28.4,,20,25.9,30.9,30,9,127,,18,106.5,146.7,92,15,83.3,101,77,,36,70.4,81.7,14,,44,9.5,19.1,36,,12,27.7,44.3,85,,41,79.2,90,78,,21,71.6,83.8,35,,3,28.6,42.7,12,,25,7.9,17.5,1283,17,1216.9,1348.2,1275,17,1209.3,1340.9,21,,24,15.3,28.9,12,,18,7.7,18.4,13.9,4,12.3,15.5,36,33,34.9,37.4,42,,23,34.6,49.1,75,,13,68.1,80.1,35.7,,25,26.3,45.1,382,17,345.7,417.4,596,30,550.6,640.8,74,,7,66.2,82.6,501,12,459.9,541.8,524,12,481.8,565.8,7.8,,5,5.4,10.2,207.4,21,196.8,218,80.2,37
301,Greenpoint and Williamsburg,176937,16,61,12,5,42,6,39,27,25,1,39,39,48,23,20,11,19,40,9,17,59,9,52,24,47,22.4,25.9,24,28,21.9,25.2,54,35,46,61.2,10.1,8,14,14,150,34,17,39,35,42,48,13,30,14,27,32.2,7,48,6.1,8.1,47,48,44.7,50.1,28,22,6,57,5.2,6.8,20.1,,28,17.8,22.4,19,28,70,,31,55.8,83.5,43,33,37.1,48.4,75,,39,69.8,79.7,20,,8,14.8,25.6,21,,48,16.2,27.1,88,,29,82.6,91.6,76,,38,70.3,80.2,24,,34,19,30.5,10,,31,7.6,14.2,976,27,914.8,1037.5,678,34,628,727.2,18,,36,12.6,24.2,13,,14,8.9,17.5,2.8,50,2.3,3.3,20,55,18.8,21.1,32,,58,27.3,37.4,61,,37,54.4,66.5,20.3,,39,13.7,26.9,293,33,258.6,328,466,40,427.6,503.7,18,,40,13.6,21.6,223,29,193.2,252.6,276,32,244.2,308.7,2.4,,50,1.5,3.3,194.1,26,183.1,205.1,80.2,35
302,Fort Greene and Brooklyn Heights,102814,49,46,19,27,19,8,28,14,42,4,3,54,41,15,51,10,40,44,5,20,54,11,35,20,56,18.4,21.4,10,46,8.5,10.8,62,24,53.5,70.1,9.5,18,14,12,230,14,12,47,25,51,63,9,20,27,18.4,22.4,10,35,8.4,10.8,41,52,38.9,44.1,33,18,10.2,16,8.7,11.7,15.4,,40,12.7,18.1,20,26,75,,28,56.6,92.5,44,32,36.4,51.5,84,,9,78.5,88.8,19,,11,12.4,27.1,19,,52,12.8,26.8,91,,17,84.5,94.8,80,,13,72.5,85.7,21,,41,14.7,28.1,8,,45,5.4,13,1124,22,1046,1201.9,1030,20,956.7,1103.2,11,,55,5.8,18.8,13,,13,7.9,20.5,2.2,54,1.5,2.9,43,21,40.9,45.7,38,,36,30.1,45.7,66,,25,56.7,74.4,33.1,,27,22,44.2,317,28,274.2,358.7,710,23,651.6,768.8,50,,19,38,61,240,25,203.7,275.6,381,22,336,426.9,2.7,,46,1.2,4.2,208.8,20,194.9,222.7,79.4,41
303,Bedford Stuyvesant,154332,23,11,43,64,6,2,49,20,32,2,17,89,17,25,17,12,13,32,23,22,48,10,48,19,57,17.4,20.8,13,39,11.3,14,67,20,59.4,74.6,8.8,29,16,9,120,42,25,19,45,20,30,41,33,8,31.3,35.5,17,5,14.7,18.3,55,21,51.7,57.8,49,3,10.7,14,9.4,12,34.2,,9,31.4,37,31,6,244,,6,216.6,272.4,129,8,119.3,139.6,77,,33,69.9,82.9,20,,4,14.3,28.4,34,,17,26.3,42.2,82,,47,73.8,87.7,76,,33,68.7,82.6,33,,7,25.1,41.1,15,,5,9.8,23.1,1713,9,1634.6,1792.3,1830,11,1749.7,1909.4,20,,29,13.8,27.3,12,,21,7,19.1,8,30,6.9,9.1,33,39,31.8,34.4,36,,50,28,44.6,74,,14,65.4,81.8,64.1,,5,51.5,76.7,415,8,373.9,455.7,1060,8,1001,1118.9,54,,16,46.7,61.1,531,10,486.8,575.4,604,8,556.5,651.7,5,,21,3.4,6.6,309.2,3,295.9,322.5,75.1,58
304,Bushwick,114134,43,9,45,20,28,5,42,65,7,1,50,91,15,25,14,13,3,34,16,20,56,8,57,37,28,35.4,39,33,14,31.1,35,73,13,66,80.6,8.8,29,16,8,104,51,42,4,35,46,24,49,30,13,28,32.8,16,7,14.3,17.9,55,19,52.2,58.2,35,17,9,27,7.6,10.4,40.8,,6,37.2,44.4,22,22,142,,15,117.1,166.6,91,16,80.8,100.6,68,,55,60.1,74.9,16,,31,10.2,23,37,,10,28.2,46.4,86,,35,80.3,90.9,74,,41,65.7,80.9,28,,23,21.4,36.4,13,,22,8.4,18.6,1515,14,1423.7,1607,1309,14,1228.5,1388.9,29,,3,21.7,37.2,15,,7,9.1,23,7.5,35,6.2,8.8,44,20,42.5,45.7,34,,54,26.5,42.3,67,,21,58.5,74.6,36.8,,23,25.7,47.9,470,1,414.1,524.8,744,21,685.6,801.5,70,,9,60.3,79.1,740,4,675.7,805.1,582,9,523.8,640.7,5,,21,3.1,6.9,220,16,206.6,233.4,78.8,44
305,East New York and Starrett City,183971,11,3,50,52,11,6,36,37,20,2,29,97,10,28,9,12,14,27,47,23,37,11,41,35,30,33.3,36.6,16,34,14.4,17,70,17,62,77.2,8.7,34,13,16,180,22,24,20,57,1,19,53,32,11,29,34,14,17,11.8,15.4,50,39,47.3,53.1,40,12,11.6,4,10.4,12.8,34.1,,11,31.7,36.5,30,8,181,,11,158.8,203.5,120,10,111.2,129.6,74,,41,69.2,78.3,17,,21,13,21.3,34,,15,29.4,39.3,81,,48,76.7,85.1,73,,45,68.5,77.7,31,,15,26.6,36.4,18,,1,14.2,21.8,1534,13,1465.2,1602.1,1435,13,1370.2,1500.2,26,,8,21.5,31.4,15,,5,11.4,19.9,11.4,14,10.2,12.6,38,31,36.4,38.7,38,,33,33.1,43.3,68,,20,62.4,73.6,41.3,,16,32,50.6,414,9,377.8,450.5,1030,10,975.3,1084.8,50,,18,44.3,56.1,389,15,354.6,423.3,539,10,498.8,579.9,7.8,,5,5.9,9.7,279.4,9,267.9,290.9,77.7,48
306,Park Slope and Carroll Gardens,108432,45,64,11,10,34,6,38,18,35,3,4,36,49,18,45,6,57,46,3,21,50,10,49,18,58,15.9,19.3,9,48,7.6,10.5,69,19,60.5,76.9,9.4,21,11,30,216,16,9,50,19,52,72,8,11,50,9,12,7,50,5.6,8,37,57,34.1,40.9,28,23,7.4,43,6.2,8.6,19.3,,32,15.5,23.1,10,46,64,,35,47.6,80.6,32,42,25.8,39.6,84,,14,75.2,89.6,10,*,58,5.1,18.7,16,,54,9.9,26.3,92,*,12,84,96.1,89,,3,81.4,93.4,13,,50,8.9,19.9,7,,49,4.2,10.1,833,34,766.1,900,757,28,694,819.6,16,,42,9,28.2,10,,42,5.7,16.3,1.6,57,1,2.2,46,18,43.5,48,40,,27,32.5,48.1,59,*,41,48.2,69,12,,50,5.5,18.5,266,41,225.5,305.5,465,41,415.6,514.1,20,,34,13.5,26.3,231,28,194.9,266.3,314,28,272.2,356,2.2,,52,1,3.4,148.2,38,136.9,159.5,80.3,34
307,Sunset Park,130635,33,24,34,3,49,28,8,44,15,2,33,76,26,22,24,10,30,38,11,21,51,9,53,47,11,45.1,49.3,47,4,44.7,49.1,58,29,49.6,67.2,9.2,24,12,24,170,27,42,3,29,49,29,44,29,17,26.6,30.8,10,34,8.6,11.2,55,20,52,58.1,20,34,7.2,49,6.3,8.1,33.2,,12,29.7,36.7,9,51,55,,36,41.2,69.7,39,39,32.6,44.6,68,,54,57.9,76.6,15,,34,9.7,22.9,29,,26,22,38,87,,33,78.4,91.9,67,,59,58.3,74.7,19,,46,12.5,26.8,9,,41,5.6,14,881,30,818,944.2,529,40,481.8,575.8,27,,5,21.3,34.6,9,,45,5.6,15.2,3.3,46,2.6,4,53,9,51.8,55.2,39,,30,30.7,48.6,55,,46,45.8,63.6,17.6,,44,10.4,24.8,291,36,251.1,329.9,481,39,437.2,524.4,18,,39,12.8,22.6,281,20,243,318.5,308,29,268.5,347.3,1.6,,57,0.8,2.4,148.6,37,138.4,158.8,81.6,23
308,Crown Heights and Prospect Heights,97772,51,18,38,64,7,3,45,12,48,3,8,82,22,21,35,10,35,36,13,23,43,11,40,31,36,29.2,33.7,9,47,7.5,10.6,69,18,61.8,77,8.8,29,12,19,108,50,20,28,40,35,40,23,27,20,24.5,29.3,12,21,10.8,13.4,51,33,48.4,54,38,13,9.2,25,7.6,10.8,31.1,,15,27.3,34.9,28,14,169,,12,140.9,198,98,13,86.8,109,79,,30,69.4,85.9,17,,23,10.4,25.3,37,,8,28.1,47.8,83,,45,71.3,90,79,*,14,67.3,88,33,,6,23.7,43.1,16,,2,9.5,26.2,1659,10,1564.3,1754.4,1978,10,1875.5,2080.8,20,,30,12.3,29.8,14,*,8,6.8,27.8,7.9,31,6.4,9.4,33,40,31.1,34.8,37,*,41,24.8,51.1,75,,11,66.7,82.5,40.9,,20,28.2,53.6,398,13,349,446.3,1252,3,1172.9,1330,76,,5,64.1,87.7,325,17,283.6,367.2,515,14,461,568.8,7.1,,10,4.5,9.7,246.9,13,231.9,261.9,77.5,50
309,South Crown Heights and Lefferts Gardens,99287,50,18,37,69,3,1,53,9,50,2,23,82,23,22,23,10,25,29,30,25,25,13,22,43,16,41.9,45,12,43,9.9,13.6,85,1,79,91,8.6,40,9,40,150,32,18,35,51,8,32,38,22,25,19,24.2,15,13,13,17,56,16,52.4,59.9,26,26,8.6,32,7.2,10,19.7,,31,16.8,22.6,22,24,105,,23,82.1,127,79,20,69,89,84,,10,75,90.5,15,*,37,7.7,25.8,28,,30,19.8,37.8,80,,54,69.4,87.4,80,,11,70.9,87.2,30,,17,22.2,40.2,11,,29,6.2,19.1,1240,19,1159.8,1319.7,1287,16,1205.4,1369.2,22,*,22,13.3,33.4,14,*,11,7.3,24,8.2,27,6.8,9.6,27,50,25.5,28.8,37,*,45,26,48.5,70,,18,60.4,78,50.4,,9,36.4,64.4,404,11,358.4,449,1087,6,1012.7,1160.4,42,,21,33.2,49.8,296,19,258,335,443,16,396,490.5,2.8,,45,1.3,4.3,205.2,22,192.3,218.1,80,38
310,Bay Ridge and Dyker Heights,140007,30,60,13,1,57,22,12,15,41,2,24,40,47,20,41,8,54,33,21,25,23,14,17,38,26,36.3,40.5,28,22,26.4,29.9,43,52,33.8,51.4,8.4,43,11,27,85,56,20,30,37,39,43,19,16,40,13.9,17.5,9,38,8.2,10.4,49,43,46,51.9,16,39,7,54,5.8,8.2,14,,44,11.6,16.4,8,53,30,,47,20.3,40.5,28,44,23.2,33.5,81,,25,72.7,86.6,14,,40,8.8,21.9,21,,46,13.2,32.7,89,,22,82.1,93.8,77,,28,67.9,83.8,19,,44,12.9,28.2,6,*,50,3.2,12.3,560,50,516.1,604.1,370,45,333.4,406.5,16,,46,9.6,24.4,6,*,57,2.3,13.2,6.1,38,5,7.2,30,45,28.2,31.3,35,,52,27.9,42.6,48,,52,38.8,56.6,8.6,,53,3.7,13.5,252,46,223.3,281.3,423,45,384.4,462.1,9,,51,5.7,12.7,94,49,76.1,111.8,154,48,131.4,176.9,2.5,,49,1.2,3.8,144.8,40,135.7,153.9,81.5,25
311,Bensonhurst,199579,6,48,18,1,59,36,3,13,45,1,46,52,42,20,40,9,46,30,28,26,16,15,15,55,6,53.8,56.3,47,5,44.8,48.3,41,53,33.5,48.3,8.2,48,10,32,83,57,28,15,40,33,32,35,18,33,16.1,19.9,10,28,9.2,11.4,51,35,48.4,54,10,44,7.3,47,6.3,8.3,14.7,,41,12.7,16.7,11,44,23,,53,15.3,29.9,25,46,20.9,28.9,70,,47,62.9,75.9,18,,17,12.3,24.3,22,,43,15.8,29.7,93,,11,87.9,95.5,69,,58,61.7,74.8,23,,37,16.9,29.5,9,,42,5.7,13.4,463,55,429.3,496.3,267,53,241.4,293.2,19,,33,13.5,25.7,10,,40,6.4,15.1,5.3,43,4.4,6.2,34,36,32.8,35.4,34,,55,27.9,40.4,43,,56,36.1,50.1,4.5,*,58,1.6,7.4,251,47,227,275.2,382,49,351.2,412.4,7,,55,4.8,10,72,54,59,85,139,51,120.6,156.8,3.9,,34,2.5,5.3,137.8,45,130.2,145.4,82.5,17
312,Borough Park,199149,7,64,10,2,51,19,14,13,46,1,48,36,50,34,1,10,33,27,41,19,57,10,46,32,34,29.8,33.4,32,15,29.8,33.6,52,38,42.7,60.9,8.5,42,6,56,164,29,23,23,47,15,31,39,32,9,30.2,34.4,7,47,6.2,8.2,63,3,59.8,66.4,7,49,6.4,56,5.7,7.1,19.3,,32,17.4,21.2,10,47,26,,49,17.7,34.8,20,54,16.5,24,74,,40,65.5,81.3,14,,38,9.4,21.3,22,,45,15.7,29,89,,26,82.8,92.9,72,,51,63.6,79.6,23,,36,16.6,30.9,9,*,43,4.3,16.6,603,46,558.2,648.1,272,52,242.7,301.4,20,,28,14.3,28.3,10,,39,5.7,16.7,2.7,51,2.3,3.1,20,56,18.9,20.8,33,,56,26.3,40.6,42,,58,33.5,50.9,5,*,57,1.9,8.1,292,35,260.4,322.5,434,43,398,469.7,6,,59,3.8,7.2,107,48,88.9,126.1,173,44,149.4,196.4,1.8,,56,1.2,2.4,131.6,46,123.3,139.9,83.5,12
313,Coney Island,106702,46,57,15,13,31,13,23,17,37,1,43,43,45,19,44,8,51,24,59,27,10,21,1,55,5,52.9,57.7,46,6,43.2,48.2,56,34,47,64.4,8,55,7,51,86,54,18,38,40,32,42,20,27,22,24.1,28.9,12,19,9.9,14.9,56,18,52.4,59.9,26,27,11.3,7,9.5,13.1,25.8,,23,22.5,29.1,25,19,87,,25,67.9,106.7,64,24,54.8,73.5,65,*,58,50.9,76.2,18,,15,11.5,27.3,26,,34,18.5,36.3,92,,13,85.4,95.4,71,,54,62.4,79,31,,14,22.8,41.4,11,,30,7,16.8,1113,23,1040.5,1186.4,860,25,792.9,926.8,27,*,7,17.4,38.4,11,,35,6,18.2,11,16,9.2,12.8,29,49,27.1,30.5,31,,59,22.3,42.2,50,*,50,39.6,60.2,19.7,,40,11.3,28.1,330,25,296.6,363,928,14,860.3,994.9,17,,41,11.6,22.8,258,22,225.9,291.1,335,24,297.4,372.9,5.5,,17,3.1,7.9,218.8,18,205.5,232.1,79.7,39
314,Flatbush and Midwood,165840,20,37,24,36,14,10,26,16,39,2,28,63,36,25,16,10,32,29,31,25,27,12,32,45,15,42.8,46.5,28,21,26.5,30.1,72,14,65.3,79.5,8.6,40,8,46,134,40,18,37,41,30,41,22,21,26,19,23.8,10,28,9.2,11.4,58,13,54.8,61.8,18,37,8.5,35,7.4,9.6,20,,29,17.8,22.2,17,30,80,,27,64.3,95.1,47,30,41.2,53.3,77,,34,69.9,82.6,14,,39,9.4,21.1,28,,28,21.8,35.3,84,,42,76.6,90,79,,15,72.8,84.2,28,,25,21.1,36.4,11,,27,7.2,17.7,836,33,784.7,888.2,649,36,604.1,694.8,24,,14,17.3,31.2,15,,6,9.3,22.6,7.7,33,6.7,8.7,31,42,29.7,32.2,36,,47,28.5,45.2,62,,34,52.3,71.3,22.3,,35,15.1,29.5,306,31,274.3,337.4,657,26,612.3,702.5,19,,35,15.2,23.4,173,35,150,196.7,289,30,258.4,319.1,4,,33,2.6,5.4,178.5,29,169.1,187.9,81.5,24
315,Sheepshead Bay,172722,17,71,5,3,46,16,18,8,53,1,45,29,55,21,33,9,47,27,44,27,12,16,11,46,13,44.3,47.2,31,16,28.8,32.4,46,46,36.9,54.9,8.1,51,9,41,150,33,14,44,42,27,44,18,17,38,14.7,18.5,9,36,8.2,10.6,54,24,50.9,57,10,46,7.3,47,6.2,8.4,14.2,,42,12.2,16.2,14,40,33,,44,23.3,42.2,21,51,17.2,25.3,64,,59,56,70.9,19,,9,13.9,26.6,25,,38,18.8,32.9,89,,24,82.9,93.3,73,,46,65.4,79,30,,18,23.1,38.5,11,,28,8.1,15.4,470,54,433.8,506.7,314,50,283,344.7,18,,34,11.9,26.8,9,,49,5.3,14.7,5.9,40,4.9,6.9,22,53,21.2,23.6,37,,39,29.9,45.3,53,,48,45.7,59.8,9.3,,52,4.8,13.8,258,43,232.8,282.9,368,50,335.2,401.1,6,,58,3.5,8.3,120,44,102.1,137.2,163,45,142.4,183.3,2.6,,48,1.3,3.9,148.7,36,140.5,156.9,82.5,16
316,Brownsville,86377,54,1,59,76,2,1,56,20,31,2,32,99,1,29,5,12,11,27,50,22,44,10,42,30,39,28.1,31.4,9,51,7.7,10,73,12,66.1,80.7,8.8,29,15,10,277,7,28,14,53,3,18,55,37,7,34.3,39.1,16,10,13.8,17.4,56,17,53.2,59.1,54,1,13.3,2,11.5,15.1,38.5,,8,35,42,40,1,348,,2,302.3,393.2,180,1,163.9,196.7,81,*,22,66.9,89.8,14,,43,8.7,21.5,40,*,2,29.6,51.7,83,,43,75.5,88.9,79,,17,69.4,85.8,32,*,11,21.6,45.4,15,,6,8.1,26.7,2285,4,2163.7,2406.4,2682,4,2551.6,2812.3,18,,35,10.8,28.3,11,*,28,5.9,20.4,10.1,20,8.5,11.7,38,30,36,39.2,38,*,35,28.1,48.5,75,,12,65.5,83,66,,4,48.9,83.1,413,10,360.1,466,1727,2,1623,1830.6,61,,11,52,70.8,621,6,556.6,684.7,748,1,678.1,818.2,8,,4,5.3,10.7,367.1,1,347.7,386.5,74.1,59
317,East Flatbush,156151,22,1,55,89,1,1,54,7,58,2,35,99,5,22,28,10,37,27,43,28,9,14,21,53,7,52.1,54.4,9,52,7.4,9.7,70,16,61.9,78.7,8.7,34,10,35,172,24,17,41,55,2,29,44,18,34,15.9,19.5,12,20,11,13.6,54,22,51.1,57.8,19,36,13.8,1,12.3,15.3,22.9,,25,20.5,25.3,22,21,112,,21,93.5,130.5,85,18,76,93,80,,27,72.2,86,10,,59,5.9,15.4,33,,20,25.8,40.6,80,,51,69.9,87.9,78,,24,69,84.5,30,,19,22.9,38.3,12,,24,8.2,18.1,900,29,846.4,952.9,930,23,875,984.9,24,,13,17.2,31.5,14,,10,8.7,21.3,14.9,2,13.4,16.4,35,35,33.5,36.2,37,,46,29.1,44.7,77,,8,69.1,84.1,46.8,,12,36.1,57.5,384,15,350.2,418.4,746,20,696.2,795,55,,14,47.4,62.6,246,24,218.7,273.7,404,21,368.3,438.9,6.1,,13,4.1,8.1,204.5,23,194.1,214.9,82.1,21
318,Flatlands and Canarsie,197211,8,26,32,60,9,4,44,9,52,2,31,74,28,24,18,10,39,26,52,28,8,12,28,41,21,40.1,42.4,15,35,14,16,58,32,49.3,66.5,8.2,48,8,47,250,12,14,45,49,13,38,29,12,47,11.1,13.7,11,27,9.9,12.1,52,30,49,55.5,20,33,11.5,6,10.2,12.8,14.1,,43,12.5,15.7,17,31,67,,32,54.5,80.2,52,28,46.2,58,81,,23,74.4,85.9,13,,45,9.4,18.9,28,,29,22.6,34.2,86,,40,78.9,90.4,74,,42,66.5,79.8,32,,13,25.2,38.7,15,,9,11.1,20.4,579,49,540.5,618,457,41,421.9,491.4,17,,38,12.7,23.6,9,,48,6.1,13.4,9.6,22,8.4,10.8,24,52,23.3,25.4,34,,53,28.6,40.2,64,,29,58.3,69.5,22.3,,35,15.7,28.9,344,20,313.9,373.3,494,38,457.8,530.6,29,,26,24.2,33.4,192,34,169.9,214.3,352,23,321.8,381.7,5.6,,16,3.8,7.4,168.8,31,160.5,177.1,81.3,26
401,Long Island City and Astoria,201357,5,45,21,10,33,15,19,28,24,2,22,55,39,16,50,10,26,41,8,22,47,11,34,41,23,39,42,25,27,23.3,26.1,50,41,43.7,56.7,8.9,25,12,20,211,17,18,36,35,43,47,14,19,32,16.8,20.6,9,36,8.7,10.1,48,47,45.9,50.4,13,42,7.7,39,6.5,8.9,18.7,,35,16.3,21.1,16,32,44,,40,34.5,54.3,58,25,52.1,64,81,,24,75.4,85.1,21,,2,15.7,27.1,23,,40,18.1,29.3,91,,18,85.7,94.3,77,,26,70.8,82.4,22,,38,16.6,29,10,,35,6.9,14.5,749,38,705,793.6,553,39,515.5,589.8,21,,25,15.6,27.9,11,,27,8.1,15.9,10.2,19,8.9,11.5,38,28,36.7,39.7,36,,51,29.5,42.3,60,,38,53.6,66.8,36.3,,24,28,44.6,297,32,268.6,326.2,530,34,494.9,564.9,19,,37,14.1,23.5,203,32,179.3,225.8,202,38,179,225.3,4.5,,29,2.8,6.2,144.6,42,136.7,152.5,82.2,18
402,Woodside and Sunnyside,121039,37,28,30,2,54,34,6,35,22,2,18,72,30,17,46,9,50,39,10,24,34,11,36,57,4,54.8,58.3,38,8,35.6,40.3,53,36,44.6,61.4,10.1,8,14,11,95,52,19,33,36,41,46,16,16,41,13.6,17.6,7,50,5.8,7.8,51,37,47.5,54.4,1,53,8.8,30,7.4,10.2,19.2,,34,16,22.4,9,50,31,,46,20.5,42.2,23,48,18.6,28.8,77,,35,68.1,83.5,15,,35,9.4,22.4,26,,37,18.9,35.1,87,,32,77.5,92.6,77,,27,68.6,83.7,19,,45,12.6,26.8,10,,33,5.9,17.2,653,43,600.5,706.1,222,55,192.1,252.8,20,,27,13.8,29.2,9,,50,5.2,15,8.2,27,6.8,9.6,54,8,51.8,55.8,36,,49,28.3,44.5,56,,45,46.7,64.8,24,,33,15.3,32.7,233,50,200,266.1,313,55,278.1,348.5,9,,49,5.2,13.4,135,42,110.5,159.1,158,46,131,184,4.6,,27,2.7,6.5,114.2,52,105,123.4,83.9,8
403,Jackson Heights,178022,14,11,42,6,40,17,16,64,8,1,49,89,18,22,27,10,29,33,20,24,36,11,39,63,2,61.1,64.4,48,2,45.3,49.9,61,26,52.8,69.2,8.4,43,9,43,110,48,31,11,43,26,26,48,22,24,20.1,23.9,8,43,6.8,9.2,59,9,55,62.9,2,51,7.4,43,6.4,8.4,32.5,,13,29.6,35.4,11,45,64,,34,50.6,76.8,39,38,34,44.4,79,,28,73.2,84.3,14,,42,9.5,20.1,31,,25,23.9,38.1,91,,16,85.5,94.7,76,,37,68.9,81.4,20,,42,14.9,26.5,10,,39,6.2,14.3,748,39,701,795,241,54,215.2,267,38,,1,31.2,45.4,12,,15,8.6,17.7,9.5,25,8.4,10.6,56,7,54.4,57.3,37,,40,29.6,45.6,62,,35,53.7,69.4,41,,18,31.6,50.4,238,49,210.1,266.2,366,51,333.4,397.8,19,,36,14.6,23,114,46,95.4,133,196,40,170.9,220.3,3.3,,39,2.1,4.5,120.9,48,113.3,128.5,83.7,10
404,Elmhurst and Corona,183871,12,7,48,5,41,34,5,52,12,1,44,93,12,21,31,10,27,34,17,24,33,10,44,66,1,64,67.9,53,1,50.2,55.6,58,31,49.8,66.6,8.9,25,9,37,83,58,33,9,39,37,28,46,23,23,20.1,25.3,7,54,5.3,7.7,59,7,54.8,63.9,-3,54,7.4,43,6.4,8.4,29.6,,17,26.8,32.4,9,49,52,,38,40.4,63.6,38,40,32.7,42.7,69,,51,62.7,74.2,11,,56,6.9,17.4,32,,21,25,40,90,,21,83.3,93.6,76,,35,68.6,81.9,25,,33,19.2,32.3,14,,15,9.8,20.8,649,44,606.1,692.7,216,56,191.9,239.6,36,,2,29.8,43.5,10,,41,6.1,15.4,7.8,32,6.8,8.8,53,11,51.2,54.1,44,,16,36.2,52,52,,49,43.6,59.7,16.9,,45,11,22.8,190,55,165.1,214.8,427,44,392.7,460.3,15,,43,11.1,18.5,114,47,95.5,132.8,198,39,172.8,222.3,4.9,,24,3.4,6.4,107.7,53,100.5,114.9,84.1,5
405,Ridgewood and Maspeth,169734,18,54,17,1,56,8,29,36,21,1,51,46,43,22,26,9,48,32,25,26,20,12,29,38,27,36.8,39.8,23,29,21.8,25,50,42,41.1,58.5,8.8,29,14,13,253,10,18,34,52,5,30,42,14,43,13.1,15.7,9,42,7.5,9.5,49,45,46.1,51.3,25,29,7.4,43,6.3,8.5,20.6,,27,18.3,22.9,15,37,38,,42,27.8,48.5,22,49,18.2,26.4,83,,16,76.8,87.1,16,,27,11.7,21.3,27,,32,21.6,33.5,88,,30,82.4,91.7,77,,30,70.3,82.2,21,,40,16.4,27.5,7,,48,4.5,10,603,47,561.1,644.8,319,48,288.1,349.1,16,,44,11.4,21.5,10,,36,7,15.2,7.6,34,6.5,8.7,30,44,29.2,31.8,33,,57,27.5,38.7,55,,47,48.2,60.8,14.7,,46,8.9,20.5,259,42,230.9,286.5,302,56,271.9,331.1,18,,38,14.2,22.6,148,38,127.7,169.2,178,43,155.2,200.9,3.4,,38,2,4.8,155,34,146.5,163.5,81,28
406,Rego Park and Forest Hills,114863,42,54,16,3,50,28,9,14,43,2,15,46,44,16,49,6,56,31,26,28,6,18,3,50,9,48.2,51.6,26,24,23.5,28.1,61,27,50.6,70.8,8.7,34,8,50,333,4,8,52,31,48,61,10,10,52,8.2,11.6,6,55,5.1,7.3,49,44,45.1,52.7,8,48,7.7,39,6.3,9.1,6,,52,4,8,8,54,12,,58,5.3,19.2,11,59,7.5,15.2,87,,6,81.7,90.8,13,,48,8.7,20,23,,41,16.4,31.7,90,,19,83.8,93.8,70,,55,61.7,77.5,13,,51,8.7,19.5,8,,46,5.5,12.5,374,57,336.2,412.5,159,59,132.3,185,17,,39,11.3,25.8,10,,37,5.8,16.9,5.1,44,3.9,6.3,34,38,31.4,35.6,42,,21,34.4,49.7,42,,57,34.4,50.6,11.3,,51,5.2,17.4,232,51,204.6,260.1,324,54,285.8,361.4,9,,52,4.4,12.8,88,51,69.9,105.7,128,53,106.8,149.3,3,,41,1.3,4.7,103.4,54,94.9,111.9,84,7
407,Flushing and Whitestone,255707,1,28,29,2,52,52,1,17,38,2,36,72,31,17,48,8,53,28,34,30,2,17,8,57,3,55.7,58.5,47,3,45.2,49.2,38,55,30.7,45.1,8.4,43,7,53,342,2,22,24,40,34,39,27,15,42,13.9,16.5,9,41,7.7,9.9,56,15,53.1,59.6,9,47,6,57,5.1,6.9,9,,50,7.6,10.4,8,52,24,,52,17.8,31,17,56,14,19.9,70,,46,64.9,75.2,15,,32,11.4,20.2,18,,53,14.2,23.3,89,,23,84.6,92.6,72,,53,66.3,76.4,16,,48,12.3,19.6,8,,47,5.7,10.4,357,58,332.4,382.4,166,58,148.1,184,24,,12,19.3,28.8,9,,43,6.8,12.9,9,26,7.9,10.1,38,27,37.1,39.7,44,,12,38.9,49.7,45,,54,39.8,50.8,8.6,,53,5,12.2,292,34,270.8,313.7,356,53,330.3,382.4,12,,46,8.6,14.8,86,52,73.8,98,128,52,113.5,142.6,2.9,,42,1.8,4,118.8,49,112.7,124.9,83.6,11
408,Hillcrest and Fresh Meadows,154331,24,33,26,13,30,33,7,18,34,3,7,67,34,20,37,11,20,28,38,26,15,14,16,47,12,45,48.4,27,23,24.3,29,41,53,31.4,50.4,8.2,48,6,55,137,39,14,43,35,43,51,12,16,39,13.8,18.8,10,30,8.9,11.5,53,28,49,57.4,11,43,7.1,52,5.9,8.3,7,,51,5.7,8.3,14,39,34,,43,23.9,44.3,24,47,19.4,28.3,83,,15,78.3,87.3,14,,41,9.6,19.9,25,,39,18.3,33.5,93,,10,88,95.7,73,,44,67.2,78.8,16,,47,11.8,21.8,10,,38,6.5,13.8,506,52,465.6,546.5,288,51,256.9,318.5,18,,37,12,24.9,11,,34,6.9,16.6,5.8,41,4.7,6.9,31,43,29.4,32.3,41,,25,34.4,48.3,49,,51,41.2,56.9,13,,49,7.3,18.7,249,48,221.6,276.2,497,36,456.6,536.5,17,,42,12.6,21.6,94,49,77.1,110.8,179,42,155.9,202.7,3.6,,36,2,5.2,128.2,47,119.9,136.5,83.3,13
409,Kew Gardens and Woodhaven,146725,27,19,36,10,35,26,10,41,18,4,2,81,24,23,19,10,31,30,27,26,18,10,45,51,8,49.3,52.1,25,26,23.7,26.4,49,43,38.8,59.4,8.4,43,11,26,117,45,24,21,43,25,34,33,17,37,15.1,18.5,10,30,9.2,11.2,53,27,50.4,56.5,16,38,8.6,32,7.3,9.9,19.8,,30,17.5,22.1,16,35,66,,33,51.4,81,56,27,49.3,63.1,79,,31,72.6,83.7,16,,26,11,23.2,33,,19,26,40.6,93,,6,88.3,95.7,76,,36,68.5,81.8,24,,35,17.6,30.8,14,,17,9.3,20,773,37,720.2,825.1,315,49,282,347.5,21,,23,15.4,28.8,12,,20,7.6,18,8.2,27,7,9.4,38,26,37.1,39.9,37,,42,29.8,44.4,58,,43,50.2,65,19.1,,42,12,26.2,310,30,274.8,345.4,400,46,362.4,436.7,24,,30,19.4,29.4,143,40,120,166.6,266,35,234.4,297.8,2.7,,46,1.3,4.1,144.8,40,136,153.6,82.2,19
410,South Ozone Park and Howard Beach,124511,34,26,33,21,27,24,11,23,28,6,1,74,27,22,25,10,41,28,39,28,7,13,23,45,14,43.8,46.9,12,41,11,13.8,45,48,31,59.2,8,55,9,39,119,44,21,27,51,7,29,45,13,44,11.5,15.3,12,22,10.7,13.1,59,10,53.8,64.1,22,32,10.3,15,8.6,12,17.3,,37,15,19.6,16,33,70,,30,53.4,86,41,35,34.5,47.7,76,,38,68.6,82.8,12,,52,7.3,20.2,26,,35,19.2,35.1,86,,39,78.2,90.7,73,,49,63.8,80,27,,29,19.7,35.2,15,,13,10.1,21.1,707,41,654,759.8,343,46,305.5,379.8,19,,31,13.2,27.4,9,,51,4.9,15.6,10.3,17,8.6,12,29,47,27.9,30.7,37,,38,29.9,45.4,58,,42,50.1,66.1,13.7,,48,7.2,20.2,336,23,300,372.7,385,48,345.6,425,21,,32,15.4,25.6,153,37,128.5,177.7,280,31,247.3,313.6,5.5,,17,3.2,7.8,157.6,33,147.7,167.5,81.2,27
411,Bayside and Little Neck,118377,38,45,20,2,53,41,2,10,49,1,42,55,40,19,43,7,55,26,53,31,1,17,7,43,17,40.9,45.6,30,17,27.6,31.7,38,56,23.6,51.8,8.1,51,6,59,198,18,11,48,37,40,52,11,9,55,6.8,10.2,8,44,6.5,8.9,53,29,47.2,58.2,5,50,8,38,5.9,10.1,3.5,,56,2.3,4.7,5,58,12,,57,5.3,19,12,57,8.5,16.7,85,,7,77.7,90.2,16,,28,9.3,25.4,20,,49,14.2,27.8,95,*,1,89.3,98,77,,29,69.4,82.8,14,,49,9.5,19.3,5,,52,2.9,7.9,233,59,202.8,263.6,168,57,140.3,194.9,12,,48,8,18.9,6,*,56,2.5,13.2,6.2,37,4.3,8.1,30,46,28.1,31.3,39,,29,31.9,47.3,47,,53,39.1,54.9,5.9,*,56,1.5,10.3,208,53,181.3,233.9,275,58,240.2,309.6,11,,47,6.7,14.7,54,56,39.4,67.7,110,54,90.1,130.3,2.9,*,42,0.6,5.2,84.9,58,77.6,92.2,84.1,6
412,Jamaica and Hollis,230527,2,2,52,67,4,11,25,17,36,3,5,98,8,23,22,11,24,27,42,27,14,13,24,43,19,41.3,44.1,15,36,13.7,16,62,24,52.7,70.9,8.3,47,11,28,138,38,21,26,51,6,28,47,17,36,15.2,19,15,15,13.4,15.6,59,8,55.7,62.3,29,20,11,11,9.9,12.1,27.2,,21,25.1,29.3,22,23,159,,14,140.5,176.9,71,21,64.9,77.5,80,,26,75.4,84.4,13,,51,9,17.5,35,,13,29.5,41.5,86,,34,81.6,90.2,79,,16,73.9,83,27,,27,22.3,32.2,12,,23,9.8,15.8,775,36,734.1,816.6,583,38,547.1,619.1,24,,11,18.8,30,13,,12,9.2,18.4,13.1,6,11.9,14.3,32,41,31.3,33.4,37,,44,31.2,42.2,67,,22,60.2,72.3,25.2,,31,18.7,31.7,416,7,385.3,445.9,613,29,576.1,649.8,32,,24,27.4,36.6,231,27,208.5,253.4,430,19,399.4,460.7,9,,1,7,11,200.1,24,191.9,208.3,79.4,40
413,Queens Village,191867,10,13,40,56,10,17,17,12,47,3,9,87,20,21,36,10,42,26,54,29,5,15,12,41,21,39.6,43.1,12,42,11,13.2,47,44,35.3,59.5,7.9,57,7,54,85,55,13,46,49,12,38,28,10,53,8.3,10.9,10,33,9.1,11.1,51,36,46.8,55.2,14,41,11.2,8,9.7,12.7,11.9,,47,10.3,13.5,15,36,5,*,59,1.6,8.6,34,41,28.8,38.7,82,,17,77,86.8,12,,53,8.4,16.8,34,,18,28.1,39.8,88,,28,82.6,91.9,78,,23,72.3,82.5,25,,32,20.1,31.2,13,,19,10,17.2,458,56,424.3,492.3,381,44,348.5,412.9,16,,43,12,22.1,12,,19,7.9,17.6,9.6,22,8.2,11,20,57,18.6,20.7,37,,43,31.2,42.4,63,,32,57.7,68.2,21.4,,37,14.9,27.9,336,24,308.3,364.1,688,24,644.5,731.2,34,,23,28.5,39.5,122,43,104.5,139,219,37,196.4,242.3,7.2,,9,4.8,9.6,118.6,50,111.6,125.6,82.2,20
414,Rockaway and Broad Channel,115657,40,34,25,40,12,3,48,22,30,2,25,66,35,26,10,9,43,25,57,25,22,14,20,27,42,23.9,29.2,14,37,11.5,15.7,66,22,55.7,76.3,7.6,59,7,52,269,9,23,22,45,19,32,36,19,31,16.8,22,11,25,9.2,13.2,52,31,47.2,56.6,46,5,11.6,4,9.8,13.4,26.4,,22,23.5,29.3,28,16,88,,26,68.7,107.9,80,19,70.1,89.3,79,,32,72.6,83.5,17,,20,12.1,23.1,35,,14,28.1,42.7,90,,20,84.4,93.2,81,,10,74.7,85.7,28,,22,22.5,34.9,10,,34,7.2,14.2,1112,24,1042.3,1180.9,748,29,690,806.8,16,,47,10.6,22.1,9,,44,6,14.4,11.7,12,9.9,13.5,21,54,19.5,22.1,39,,31,32.4,46,66,,26,59.5,71.4,30.3,,29,20.3,40.3,467,3,422.3,510.7,1197,5,1125,1269.2,24,,31,18.3,28.7,217,31,186.7,247.8,470,15,424.8,515.3,6.5,,12,4,9,279.7,8,265.4,294,75.9,55
501,St. George and Stapleton,178689,13,39,22,22,24,8,32,29,23,2,16,61,38,25,15,11,21,27,48,26,17,12,33,23,51,21.5,24.8,13,40,11.4,13.8,36,57,25.8,45.8,8.1,51,13,17,156,31,16,42,50,11,35,32,20,30,17.5,22.1,9,39,7.7,10.1,51,34,47.6,54.8,37,15,11,11,9.7,12.3,25,,24,22.8,27.2,26,18,110,,22,92.2,126.9,90,17,81.8,98,82,,20,77.2,85.4,22,,1,17.2,26.6,32,,23,26.4,37.2,86,,38,81.2,89.5,78,,22,73.4,82.2,33,,10,27.6,37.8,9,,40,7.4,12.2,1140,21,1082,1197,955,22,902.1,1007.9,16,,45,11.6,21.1,11,,30,8.2,15,2.9,48,2.2,3.6,26,51,25.1,27.4,38,,37,33,42.3,56,,44,51,61.4,24.1,,32,16.9,31.3,338,22,305.6,369.3,956,13,902.9,1008,25,,29,20.6,29.4,315,18,284.6,344.7,415,20,380.5,450.3,6.1,,13,4.3,7.9,226.5,15,216.3,236.7,78.2,47
502,South Beach and Willowbrook,133194,31,70,6,3,48,12,24,14,44,1,41,30,54,20,39,9,45,25,58,29,3,17,9,26,43,24.6,28.2,13,38,12.1,14.9,29,58,16.7,40.9,8.1,51,8,45,450,1,11,49,50,9,39,26,9,54,7.4,11,7,52,5.7,7.7,52,32,45.5,57.7,27,24,8.9,29,7.4,10.4,9.4,,49,7.6,11.2,15,38,43,,41,30.6,55.2,40,37,33.1,45.9,84,,11,79.2,87.4,21,,3,14.6,28.2,27,,33,20.9,34,88,,27,82.2,92.4,81,,9,74.7,86.4,26,,30,20.2,33.6,10,,32,7.2,14.8,742,40,690.8,793.7,693,32,640.6,744.6,12,,52,6.7,19.2,6,,58,3.3,9.3,2.5,53,1.7,3.3,17,58,15.4,17.7,40,,28,33.1,46.4,43,,55,36.5,49.7,6.8,*,55,2.4,11.2,290,38,260.2,320.3,642,27,592.1,692.2,6,,57,3.2,8.8,146,39,123.8,168.6,187,41,162.2,211.6,4.2,,31,2.3,6.1,171.7,30,161.6,181.8,80.3,33
503,Tottenville and Great Kills,159988,21,85,1,1,58,4,43,9,51,1,57,15,59,22,30,9,49,26,55,29,4,15,14,15,59,13.7,16.7,7,55,5.7,7.7,18,59,7.4,28.6,7.8,58,6,58,144,35,9,51,52,4,39,24,6,59,4.9,7.5,7,49,5.9,8.1,39,56,32.9,45.7,24,31,8.8,30,7.4,10.2,4.2,,54,3.1,5.3,13,42,25,,51,16.2,33.3,26,45,21.8,31.2,85,,8,80.8,88.4,19,,13,13.9,24.5,26,,36,20.7,33,92,,14,87.1,94.6,76,,32,70.7,81.2,28,,26,22.9,33.7,10,,36,7.1,13.2,681,42,635.6,725.8,677,35,630.1,724.8,8,,59,4.6,13.6,7,,55,4.2,11.3,1.3,59,0.7,1.9,14,59,13.4,15.3,38,,32,33.2,43.9,42,,59,36,47.8,4.4,*,59,1.1,7.7,257,45,230.4,284,530,33,488.9,571.8,9,,50,6.2,12.2,135,41,114.7,154.9,151,50,130.7,171.5,2.9,,42,1.3,4.5,151.6,35,143,160.2,81,29
